course_code,subject,course_number,course_name,credits,description,prerequisites,credit_restrictions,gen_ed,total_students,total_sections,overall_gpa,catalog_text,source_url,catalog_year
ASRM 101,ASRM,101,Introduction to Actuarial Science,1 Hour,"Introduction to actuarial science as a profession and as a field of study. Students will learn about the skills and qualities of professional actuaries, the process to become a credentialed actuary, and the various career paths for actuaries. The course will focus on what students can do during their time at the University to be as well prepared as possible to become a successful actuary after graduation Approved for Letter and S/U grading. Prerequisite: For freshman or new transfer students only.",Prerequisite: For freshman or new transfer students only.,,,,,,"[ASRM 101 Introduction to Actuarial Science credit: 1 Hour.](<https://courses.illinois.edu/schedule/terms/ASRM/101>)

Introduction to actuarial science as a profession and as a field of study. Students will learn about the skills and qualities of professional actuaries, the process to become a credentialed actuary, and the various career paths for actuaries. The course will focus on what students can do during their time at the University to be as well prepared as possible to become a successful actuary after graduation Approved for Letter and S/U grading. Prerequisite: For freshman or new transfer students only.",https://catalog.illinois.edu/courses-of-instruction/asrm/,2026–2027
ASRM 195,ASRM,195,Foundations of Data Management,3 Hours,"An introduction to basic data management concepts and programming skills necessary for analyzing data in actuarial and financial applications. Students are expected to learn how to store, clean, explore and analyze data using a programming language and statistical software. Prerequisite: For actuarial science majors only. For freshman only.",Prerequisite: For actuarial science majors only.,,,,,,"[ASRM 195 Foundations of Data Management credit: 3 Hours.](<https://courses.illinois.edu/schedule/terms/ASRM/195>)

An introduction to basic data management concepts and programming skills necessary for analyzing data in actuarial and financial applications. Students are expected to learn how to store, clean, explore and analyze data using a programming language and statistical software. Prerequisite: For actuarial science majors only. For freshman only.",https://catalog.illinois.edu/courses-of-instruction/asrm/,2026–2027
ASRM 199,ASRM,199,Undergraduate Open Seminar,1 to 5 Hours,Covers special topics. Approved for Letter and S/U grading. May be repeated in the same term up to 12 hours or separate terms up to 12 hours.,,,,,,,"[ASRM 199 Undergraduate Open Seminar credit: 1 to 5 Hours.](<https://courses.illinois.edu/schedule/terms/ASRM/199>)

Covers special topics. Approved for Letter and S/U grading. May be repeated in the same term up to 12 hours or separate terms up to 12 hours.",https://catalog.illinois.edu/courses-of-instruction/asrm/,2026–2027
ASRM 210,ASRM,210,Theory of Interest,3 Hours,Study of compound interest and annuities; applications to problems in finance. Prerequisite: MATH 231 or equivalent.,Prerequisite: MATH 231 or equivalent.,,,,,,"[ASRM 210 Theory of Interest credit: 3 Hours.](<https://courses.illinois.edu/schedule/terms/ASRM/210>)

Study of compound interest and annuities; applications to problems in finance. Prerequisite: [MATH 231](<https://catalog.illinois.edu/search/?P=MATH%20231>) or equivalent.",https://catalog.illinois.edu/courses-of-instruction/asrm/,2026–2027
ASRM 390,ASRM,390,Introduction to Actuarial Research,0 to 3 Hours,Guided research on introductory actuarial topics. Approved for Letter and S/U grading. May be repeated in separate terms. Prerequisite: Instructor approval required.,Prerequisite: Instructor approval required.,,,,,,"[ASRM 390 Introduction to Actuarial Research credit: 0 to 3 Hours.](<https://courses.illinois.edu/schedule/terms/ASRM/390>)

Guided research on introductory actuarial topics. Approved for Letter and S/U grading. May be repeated in separate terms. Prerequisite: Instructor approval required.",https://catalog.illinois.edu/courses-of-instruction/asrm/,2026–2027
ASRM 392,ASRM,392,Actuarial Problem Solving,1 Hour,Methods and techniques of solving problems in actuarial mathematics for advanced students intending to enter the actuarial profession. Approved for S/U grading only. May be repeated in the same or separate terms to a maximum of 4 hours. Prerequisite: Consent of instructor.,Prerequisite: Consent of instructor.,,,,,,"[ASRM 392 Actuarial Problem Solving credit: 1 Hour.](<https://courses.illinois.edu/schedule/terms/ASRM/392>)

Methods and techniques of solving problems in actuarial mathematics for advanced students intending to enter the actuarial profession. Approved for S/U grading only. May be repeated in the same or separate terms to a maximum of 4 hours. Prerequisite: Consent of instructor.",https://catalog.illinois.edu/courses-of-instruction/asrm/,2026–2027
ASRM 398,ASRM,398,Actuarial Internship,0 Hours,"Full-time or part-time practice of actuarial science in an off-campus government, industrial, or research laboratory environment. Summary report required. Approved for S/U grading only. May be repeated in separate terms. Prerequisite: After obtaining an internship, Actuarial Science students must request entry from the Director of the Actuarial Science Program.","Prerequisite: After obtaining an internship, Actuarial Science students must request entry from the Director of the Actuarial Science Program.",,,,,,"[ASRM 398 Actuarial Internship credit: 0 Hours.](<https://courses.illinois.edu/schedule/terms/ASRM/398>)

Full-time or part-time practice of actuarial science in an off-campus government, industrial, or research laboratory environment. Summary report required. Approved for S/U grading only. May be repeated in separate terms. Prerequisite: After obtaining an internship, Actuarial Science students must request entry from the Director of the Actuarial Science Program.",https://catalog.illinois.edu/courses-of-instruction/asrm/,2026–2027
ASRM 401,ASRM,401,Actuarial Statistics I,"4 Hours
4 undergraduate hours. 4 graduate hours.","Examines elementary theory of probability, including independence, conditional probability, and Bayes' theorem; combinations and permutations; random variables, expectations, and probability distributions; joint and conditional distributions; functions of random variables; sampling; central limit theorem. Same as STAT 408. 4 undergraduate hours. 4 graduate hours. Credit is not given toward graduation for: ASRM 401 and either MATH 461 or STAT 400. Prerequisite: MATH 241 or equivalent.",Prerequisite: MATH 241 or equivalent.,Credit is not given toward graduation for: ASRM 401 and either MATH 461 or STAT 400.,,,,,"[ASRM 401 Actuarial Statistics I credit: 4 Hours.](<https://courses.illinois.edu/schedule/terms/ASRM/401>)

Examines elementary theory of probability, including independence, conditional probability, and Bayes' theorem; combinations and permutations; random variables, expectations, and probability distributions; joint and conditional distributions; functions of random variables; sampling; central limit theorem. Same as [STAT 408](<https://catalog.illinois.edu/search/?P=STAT%20408>). 4 undergraduate hours. 4 graduate hours. Credit is not given toward graduation for: [ASRM 401](<https://catalog.illinois.edu/search/?P=ASRM%20401>) and either [MATH 461](<https://catalog.illinois.edu/search/?P=MATH%20461>) or [STAT 400](<https://catalog.illinois.edu/search/?P=STAT%20400>). Prerequisite: [MATH 241](<https://catalog.illinois.edu/search/?P=MATH%20241>) or equivalent.",https://catalog.illinois.edu/courses-of-instruction/asrm/,2026–2027
ASRM 402,ASRM,402,Actuarial Statistics II,"4 Hours
4 undergraduate hours. 4 graduate hours.","Continuation of ASRM 401. Examines parametric point and interval estimation, including maximum likelihood estimation, sufficiency, completeness, and Bayesian estimation; hypothesis testing; linear models; regression and correlation. 4 undergraduate hours. 4 graduate hours. Credit is not given toward graduation for: Both ASRM 402 and STAT 410. Prerequisite: ASRM 401.",Prerequisite: ASRM 401.,Credit is not given toward graduation for: Both ASRM 402 and STAT 410.,,,,,"[ASRM 402 Actuarial Statistics II credit: 4 Hours.](<https://courses.illinois.edu/schedule/terms/ASRM/402>)

Continuation of [ASRM 401](<https://catalog.illinois.edu/search/?P=ASRM%20401>). Examines parametric point and interval estimation, including maximum likelihood estimation, sufficiency, completeness, and Bayesian estimation; hypothesis testing; linear models; regression and correlation. 4 undergraduate hours. 4 graduate hours. Credit is not given toward graduation for: Both [ASRM 402](<https://catalog.illinois.edu/search/?P=ASRM%20402>) and [STAT 410](<https://catalog.illinois.edu/search/?P=STAT%20410>). Prerequisite: [ASRM 401](<https://catalog.illinois.edu/search/?P=ASRM%20401>).",https://catalog.illinois.edu/courses-of-instruction/asrm/,2026–2027
ASRM 406,ASRM,406,Linear Algebra with Financial Applications,"3 or 4 Hours
3 or 4 undergraduate hours. 3 or 4 graduate hours.","Emphasizes techniques of linear algebra and introductory and advanced applications to actuarial science, finance and economics. Topics include linear equations, matrix theory, vector spaces, linear transformations, eigenvalues and eigenvectors and inner product spaces. In addition, current research topics such as modeling, data mining, and generalized linear models are explored. 4 hours of credit requires approval of the instructor and department with completion of additional work of substance. 3 or 4 undergraduate hours. 3 or 4 graduate hours. Credit is not given toward graduation for: Credit is not given for both ASRM 406 and any of MATH 125, MATH 225, MATH 415 or MATH 416. Prerequisite: MATH 241; ASRM 210 or FIN 221; or consent of instructor.",Prerequisite: MATH 241; ASRM 210 or FIN 221; or consent of instructor.,"Credit is not given toward graduation for: Credit is not given for both ASRM 406 and any of MATH 125, MATH 225, MATH 415 or MATH 416.",,,,,"[ASRM 406 Linear Algebra with Financial Applications credit: 3 or 4 Hours.](<https://courses.illinois.edu/schedule/terms/ASRM/406>)

Emphasizes techniques of linear algebra and introductory and advanced applications to actuarial science, finance and economics. Topics include linear equations, matrix theory, vector spaces, linear transformations, eigenvalues and eigenvectors and inner product spaces. In addition, current research topics such as modeling, data mining, and generalized linear models are explored. 4 hours of credit requires approval of the instructor and department with completion of additional work of substance. 3 or 4 undergraduate hours. 3 or 4 graduate hours. Credit is not given toward graduation for: Credit is not given for both [ASRM 406](<https://catalog.illinois.edu/search/?P=ASRM%20406>) and any of MATH 125, [MATH 225](<https://catalog.illinois.edu/search/?P=MATH%20225>), [MATH 415](<https://catalog.illinois.edu/search/?P=MATH%20415>) or [MATH 416](<https://catalog.illinois.edu/search/?P=MATH%20416>). Prerequisite: [MATH 241](<https://catalog.illinois.edu/search/?P=MATH%20241>); [ASRM 210](<https://catalog.illinois.edu/search/?P=ASRM%20210>) or [FIN 221](<https://catalog.illinois.edu/search/?P=FIN%20221>); or consent of instructor.",https://catalog.illinois.edu/courses-of-instruction/asrm/,2026–2027
ASRM 409,ASRM,409,Stochastic Processes for Finance and Insurance,"3 or 4 Hours
3 or 4 undergraduate hours. 3 or 4 graduate hours.","An introduction to stochastic processes and their applications to finance and insurance. Topics include conditional probability, conditional expectation, Markov chains, Poisson processes, reliability theory, Brownian motion and elementary introductions to insurance risk theory and option pricing theory. 3 or 4 undergraduate hours. 3 or 4 graduate hours. Prerequisite: ASRM 401 or MATH 461.",Prerequisite: ASRM 401 or MATH 461.,,,,,,"[ASRM 409 Stochastic Processes for Finance and Insurance credit: 3 or 4 Hours.](<https://courses.illinois.edu/schedule/terms/ASRM/409>)

An introduction to stochastic processes and their applications to finance and insurance. Topics include conditional probability, conditional expectation, Markov chains, Poisson processes, reliability theory, Brownian motion and elementary introductions to insurance risk theory and option pricing theory. 3 or 4 undergraduate hours. 3 or 4 graduate hours. Prerequisite: [ASRM 401](<https://catalog.illinois.edu/search/?P=ASRM%20401>) or [MATH 461](<https://catalog.illinois.edu/search/?P=MATH%20461>).",https://catalog.illinois.edu/courses-of-instruction/asrm/,2026–2027
ASRM 410,ASRM,410,Investments and Financial Markets,"3 or 4 Hours
3 undergraduate hours. 4 graduate hours.","An introduction to financial models and their applications to investment and financial markets. Topics include derivative markets, derivatives pricing, interest rate models, dynamic hedging and other risk management techniques. 3 undergraduate hours. 4 graduate hours. Prerequisite: Credit or concurrent registration in ASRM 402 or STAT 410.",Prerequisite: Credit or concurrent registration in ASRM 402 or STAT 410.,,,,,,"[ASRM 410 Investments and Financial Markets credit: 3 or 4 Hours.](<https://courses.illinois.edu/schedule/terms/ASRM/410>)

An introduction to financial models and their applications to investment and financial markets. Topics include derivative markets, derivatives pricing, interest rate models, dynamic hedging and other risk management techniques. 3 undergraduate hours. 4 graduate hours. Prerequisite: Credit or concurrent registration in [ASRM 402](<https://catalog.illinois.edu/search/?P=ASRM%20402>) or [STAT 410](<https://catalog.illinois.edu/search/?P=STAT%20410>).",https://catalog.illinois.edu/courses-of-instruction/asrm/,2026–2027
ASRM 441,ASRM,441,Statistics for Risk Modeling I,"4 Hours
4 undergraduate hours. 4 graduate hours.","Introduction to statistics for risk modeling, starting with simple linear regression, extending to multiple linear regression and diagnostic testing of model adequacy and assumptions. Students learn how to identify, test, and correct for influential points, heteroscedasticity and multicollinearity. The course also covers time series from white noise and random walks to ARIMA models, and how time series models are used for forecasting in financial applications. 4 undergraduate hours. 4 graduate hours. Credit is not given towards graduation for both ASRM 441 and STAT 420/ASRM 450. Prerequisite: ASRM 401 or STAT 400.",Prerequisite: ASRM 401 or STAT 400.,Credit is not given towards graduation for both ASRM 441 and STAT 420/ASRM 450.,,,,,"[ASRM 441 Statistics for Risk Modeling I credit: 4 Hours.](<https://courses.illinois.edu/schedule/terms/ASRM/441>)

Introduction to statistics for risk modeling, starting with simple linear regression, extending to multiple linear regression and diagnostic testing of model adequacy and assumptions. Students learn how to identify, test, and correct for influential points, heteroscedasticity and multicollinearity. The course also covers time series from white noise and random walks to ARIMA models, and how time series models are used for forecasting in financial applications. 4 undergraduate hours. 4 graduate hours. Credit is not given towards graduation for both [ASRM 441](<https://catalog.illinois.edu/search/?P=ASRM%20441>) and [STAT 420](<https://catalog.illinois.edu/search/?P=STAT%20420>)/ASRM 450. Prerequisite: [ASRM 401](<https://catalog.illinois.edu/search/?P=ASRM%20401>) or [STAT 400](<https://catalog.illinois.edu/search/?P=STAT%20400>).",https://catalog.illinois.edu/courses-of-instruction/asrm/,2026–2027
ASRM 442,ASRM,442,Statistics for Risk Modeling II,"4 Hours
4 undergraduate hours. 4 graduate hours.","Introduction to the theory and practice of supervised and unsupervised data analysis techniques. Topics include statistical learning methodologies, cross validation and model selection methods, generalized linear regression, data shrinkage, ridge and lasso methods, decision trees, regression and classification techniques, principal components, unsupervised learning techniques, cluster analysis. 4 undergraduate hours. 4 graduate hours. Credit is not given towards graduation for ASRM 442 and ASRM 451/STAT 432. Prerequisite: ASRM 401 or STAT 400; ASRM 441 or ASRM 450.",Prerequisite: ASRM 401 or STAT 400; ASRM 441 or ASRM 450.,Credit is not given towards graduation for ASRM 442 and ASRM 451/STAT 432.,,,,,"[ASRM 442 Statistics for Risk Modeling II credit: 4 Hours.](<https://courses.illinois.edu/schedule/terms/ASRM/442>)

Introduction to the theory and practice of supervised and unsupervised data analysis techniques. Topics include statistical learning methodologies, cross validation and model selection methods, generalized linear regression, data shrinkage, ridge and lasso methods, decision trees, regression and classification techniques, principal components, unsupervised learning techniques, cluster analysis. 4 undergraduate hours. 4 graduate hours. Credit is not given towards graduation for [ASRM 442](<https://catalog.illinois.edu/search/?P=ASRM%20442>) and ASRM 451/[STAT 432](<https://catalog.illinois.edu/search/?P=STAT%20432>). Prerequisite: [ASRM 401](<https://catalog.illinois.edu/search/?P=ASRM%20401>) or [STAT 400](<https://catalog.illinois.edu/search/?P=STAT%20400>); [ASRM 441](<https://catalog.illinois.edu/search/?P=ASRM%20441>) or ASRM 450.",https://catalog.illinois.edu/courses-of-instruction/asrm/,2026–2027
ASRM 454,ASRM,454,Generalized Linear Models,"3 or 4 Hours
3 undergraduate hours. 4 graduate hours.","Theoretical foundations of different linear models including basic linear models, generalized linear models, linear mixed models, and generalized linear mixed models. Cases studies are offered for students to perform statistical analysis with model selection and decision making, and to learn advantages and disadvantages under different circumstances of financial and insurance applications. 3 undergraduate hours. 4 graduate hours. Prerequisite: ASRM 441 or ASRM 450.",Prerequisite: ASRM 441 or ASRM 450.,,,,,,"[ASRM 454 Generalized Linear Models credit: 3 or 4 Hours.](<https://courses.illinois.edu/schedule/terms/ASRM/454>)

Theoretical foundations of different linear models including basic linear models, generalized linear models, linear mixed models, and generalized linear mixed models. Cases studies are offered for students to perform statistical analysis with model selection and decision making, and to learn advantages and disadvantages under different circumstances of financial and insurance applications. 3 undergraduate hours. 4 graduate hours. Prerequisite: [ASRM 441](<https://catalog.illinois.edu/search/?P=ASRM%20441>) or ASRM 450.",https://catalog.illinois.edu/courses-of-instruction/asrm/,2026–2027
ASRM 455,ASRM,455,Predictive Analytics,"3 or 4 Hours
3 or 4 undergraduate hours. 3 or 4 graduate hours.","Emphasizes techniques of predictive analytics and introductory applications to actuarial science, finance, and economics. Gives an overview of the different statistical learning methods and algorithms that can be employed to discover useful information from datasets, to explain how to build a predictive model using computational software packages (R and Python), and to effectively communicate the results in a scientific report. Topics include identifying the business problem, data preparation, data visualization, model building processes (generalized linear models, decision trees, cluster and principal component analyses, etc.), model selection, refinement, and validation. 3 or 4 undergraduate hours. 3 or 4 graduate hours. Prerequisite: ASRM 401 or STAT 200 or STAT 361.",Prerequisite: ASRM 401 or STAT 200 or STAT 361.,,,,,,"[ASRM 455 Predictive Analytics credit: 3 or 4 Hours.](<https://courses.illinois.edu/schedule/terms/ASRM/455>)

Emphasizes techniques of predictive analytics and introductory applications to actuarial science, finance, and economics. Gives an overview of the different statistical learning methods and algorithms that can be employed to discover useful information from datasets, to explain how to build a predictive model using computational software packages (R and Python), and to effectively communicate the results in a scientific report. Topics include identifying the business problem, data preparation, data visualization, model building processes (generalized linear models, decision trees, cluster and principal component analyses, etc.), model selection, refinement, and validation. 3 or 4 undergraduate hours. 3 or 4 graduate hours. Prerequisite: [ASRM 401](<https://catalog.illinois.edu/search/?P=ASRM%20401>) or [STAT 200](<https://catalog.illinois.edu/search/?P=STAT%20200>) or [STAT 361](<https://catalog.illinois.edu/search/?P=STAT%20361>).",https://catalog.illinois.edu/courses-of-instruction/asrm/,2026–2027
ASRM 461,ASRM,461,Loss Models,"4 Hours
4 undergraduate hours. 4 graduate hours.","Foundation in the actuarial modeling process; construction, selection and validation of empirical models and parametric models. Also covers survival, severity, frequency and aggregate loss models; statistical methods to estimate model parameters. 4 undergraduate hours. 4 graduate hours. Prerequisite: ASRM 401/STAT 408, MATH 461 or STAT 400/MATH 463; credit or concurrent registration in ASRM 402/STAT 409 or STAT 410/MATH 464.","Prerequisite: ASRM 401/STAT 408, MATH 461 or STAT 400/MATH 463; credit or concurrent registration in ASRM 402/STAT 409 or STAT 410/MATH 464.",,,,,,"[ASRM 461 Loss Models credit: 4 Hours.](<https://courses.illinois.edu/schedule/terms/ASRM/461>)

Foundation in the actuarial modeling process; construction, selection and validation of empirical models and parametric models. Also covers survival, severity, frequency and aggregate loss models; statistical methods to estimate model parameters. 4 undergraduate hours. 4 graduate hours. Prerequisite: [ASRM 401](<https://catalog.illinois.edu/search/?P=ASRM%20401>)/[STAT 408](<https://catalog.illinois.edu/search/?P=STAT%20408>), [MATH 461](<https://catalog.illinois.edu/search/?P=MATH%20461>) or [STAT 400](<https://catalog.illinois.edu/search/?P=STAT%20400>)/[MATH 463](<https://catalog.illinois.edu/search/?P=MATH%20463>); credit or concurrent registration in [ASRM 402](<https://catalog.illinois.edu/search/?P=ASRM%20402>)/STAT 409 or [STAT 410](<https://catalog.illinois.edu/search/?P=STAT%20410>)/[MATH 464](<https://catalog.illinois.edu/search/?P=MATH%20464>).",https://catalog.illinois.edu/courses-of-instruction/asrm/,2026–2027
ASRM 462,ASRM,462,"Advanced Loss Models, Credibility, and Ratemaking","4 Hours
4 undergraduate hours. 4 graduate hours.","Advanced loss models used in casualty, property and health insurance. Topics include mixed and aggregate loss models, the model building cycle from model specification, to parameter estimation and calibration, to model implementation and selection, and to model assessment. Credibility theory will be also be discussed, including Buhlmann, Buhlmann-Straub and Bayesian credibility. The course also covers ratemaking and reserving in casualty insurance. 4 undergraduate hours. 4 graduate hours. Credit is not given towards graduation for both ASRM 462 and ASRM 561. Prerequisite: ASRM 401 or STAT 400; ASRM 461.",Prerequisite: ASRM 401 or STAT 400; ASRM 461.,Credit is not given towards graduation for both ASRM 462 and ASRM 561.,,,,,"[ASRM 462 Advanced Loss Models, Credibility, and Ratemaking credit: 4 Hours.](<https://courses.illinois.edu/schedule/terms/ASRM/462>)

Advanced loss models used in casualty, property and health insurance. Topics include mixed and aggregate loss models, the model building cycle from model specification, to parameter estimation and calibration, to model implementation and selection, and to model assessment. Credibility theory will be also be discussed, including Buhlmann, Buhlmann-Straub and Bayesian credibility. The course also covers ratemaking and reserving in casualty insurance. 4 undergraduate hours. 4 graduate hours. Credit is not given towards graduation for both [ASRM 462](<https://catalog.illinois.edu/search/?P=ASRM%20462>) and [ASRM 561](<https://catalog.illinois.edu/search/?P=ASRM%20561>). Prerequisite: [ASRM 401](<https://catalog.illinois.edu/search/?P=ASRM%20401>) or [STAT 400](<https://catalog.illinois.edu/search/?P=STAT%20400>); [ASRM 461](<https://catalog.illinois.edu/search/?P=ASRM%20461>).",https://catalog.illinois.edu/courses-of-instruction/asrm/,2026–2027
ASRM 469,ASRM,469,Casualty Actuarial Mathematics,"3 or 4 Hours
3 or 4 undergraduate hours. No graduate credit.","An introduction to property/casualty actuarial science, exploring its mathematical financial, and risk-theoretical foundations. Specific topics include risk theory, loss reserving, ratemaking, risk classification, credibility theory, reinsurance, financial pricing of insurance, and other special issues and applications. 3 or 4 undergraduate hours. No graduate credit. Credit is not given toward graduation for: ASRM 469 and ASRM 569. Prerequisite: ASRM 210; credit or concurrent registration in ASRM 402; or consent of instructor.",Prerequisite: ASRM 210; credit or concurrent registration in ASRM 402; or consent of instructor.,"No graduate credit.

Credit is not given toward graduation for: ASRM 469 and ASRM 569.",,,,,"[ASRM 469 Casualty Actuarial Mathematics credit: 3 or 4 Hours.](<https://courses.illinois.edu/schedule/terms/ASRM/469>)

An introduction to property/casualty actuarial science, exploring its mathematical financial, and risk-theoretical foundations. Specific topics include risk theory, loss reserving, ratemaking, risk classification, credibility theory, reinsurance, financial pricing of insurance, and other special issues and applications. 3 or 4 undergraduate hours. No graduate credit. Credit is not given toward graduation for: [ASRM 469](<https://catalog.illinois.edu/search/?P=ASRM%20469>) and [ASRM 569](<https://catalog.illinois.edu/search/?P=ASRM%20569>). Prerequisite: [ASRM 210](<https://catalog.illinois.edu/search/?P=ASRM%20210>); credit or concurrent registration in [ASRM 402](<https://catalog.illinois.edu/search/?P=ASRM%20402>); or consent of instructor.",https://catalog.illinois.edu/courses-of-instruction/asrm/,2026–2027
ASRM 471,ASRM,471,Life Contingencies I,"4 Hours
4 undergraduate hours. 4 graduate hours.","Distribution of the time-to-death random variable for a single life, and its implications for evaluations of insurance and annuity functions, net premiums, and reserves. 4 undergraduate hours. 4 graduate hours. Prerequisite: ASRM 401 and ASRM 210.",Prerequisite: ASRM 401 and ASRM 210.,,,,,,"[ASRM 471 Life Contingencies I credit: 4 Hours.](<https://courses.illinois.edu/schedule/terms/ASRM/471>)

Distribution of the time-to-death random variable for a single life, and its implications for evaluations of insurance and annuity functions, net premiums, and reserves. 4 undergraduate hours. 4 graduate hours. Prerequisite: [ASRM 401](<https://catalog.illinois.edu/search/?P=ASRM%20401>) and [ASRM 210](<https://catalog.illinois.edu/search/?P=ASRM%20210>).",https://catalog.illinois.edu/courses-of-instruction/asrm/,2026–2027
ASRM 472,ASRM,472,Life Contingencies II,"3 Hours
3 undergraduate hours. No graduate credit.","Continuation of ASRM 471. Introduction to tabular or parametric survival models with single or multiple-life states; life insurance and annuity premium calculations; reserving and profit measures; introductions to universal life insurances, participating insurances, pension plans and retirement benefits. 3 undergraduate hours. No graduate credit. Credit is not given toward graduation for: Credit is not given for ASRM 472 and ASRM 575. Prerequisite: ASRM 471.",Prerequisite: ASRM 471.,"No graduate credit.

Credit is not given toward graduation for: Credit is not given for ASRM 472 and ASRM 575.",,,,,"[ASRM 472 Life Contingencies II credit: 3 Hours.](<https://courses.illinois.edu/schedule/terms/ASRM/472>)

Continuation of [ASRM 471](<https://catalog.illinois.edu/search/?P=ASRM%20471>). Introduction to tabular or parametric survival models with single or multiple-life states; life insurance and annuity premium calculations; reserving and profit measures; introductions to universal life insurances, participating insurances, pension plans and retirement benefits. 3 undergraduate hours. No graduate credit. Credit is not given toward graduation for: Credit is not given for [ASRM 472](<https://catalog.illinois.edu/search/?P=ASRM%20472>) and [ASRM 575](<https://catalog.illinois.edu/search/?P=ASRM%20575>). Prerequisite: [ASRM 471](<https://catalog.illinois.edu/search/?P=ASRM%20471>).",https://catalog.illinois.edu/courses-of-instruction/asrm/,2026–2027
ASRM 490,ASRM,490,Actuarial Research,"1 to 4 Hours
1 to 4 undergraduate hours. 1 to 4 graduate hours.",Guided research on actuarial topics. 1 to 4 undergraduate hours. 1 to 4 graduate hours. Approved for Letter and S/U grading. May be repeated in separate terms. Prerequisite: ASRM 390 or consent of instructor.,Prerequisite: ASRM 390 or consent of instructor.,,,,,,"[ASRM 490 Actuarial Research credit: 1 to 4 Hours.](<https://courses.illinois.edu/schedule/terms/ASRM/490>)

Guided research on actuarial topics. 1 to 4 undergraduate hours. 1 to 4 graduate hours. Approved for Letter and S/U grading. May be repeated in separate terms. Prerequisite: [ASRM 390](<https://catalog.illinois.edu/search/?P=ASRM%20390>) or consent of instructor.",https://catalog.illinois.edu/courses-of-instruction/asrm/,2026–2027
ASRM 499,ASRM,499,Topics in Actuarial Science,"1 to 4 Hours
1 to 4 undergraduate hours. 1 to 4 graduate hours.",Covers special topics in actuarial science. 1 to 4 undergraduate hours. 1 to 4 graduate hours. Approved for Letter and S/U grading. May be repeated. Prerequisite: Consent of instructor.,Prerequisite: Consent of instructor.,,,,,,"[ASRM 499 Topics in Actuarial Science credit: 1 to 4 Hours.](<https://courses.illinois.edu/schedule/terms/ASRM/499>)

Covers special topics in actuarial science. 1 to 4 undergraduate hours. 1 to 4 graduate hours. Approved for Letter and S/U grading. May be repeated. Prerequisite: Consent of instructor.",https://catalog.illinois.edu/courses-of-instruction/asrm/,2026–2027
ASRM 510,ASRM,510,Financial Mathematics,4 Hours,"Theoretical basis of financial mathematics and techniques. Topics include financial stochastic processes, Ito calculus, martingale pricing, hedging, simulations, interest rate models, etc. Prerequisite: ASRM 402 or MATH 464.",Prerequisite: ASRM 402 or MATH 464.,,,,,,"[ASRM 510 Financial Mathematics credit: 4 Hours.](<https://courses.illinois.edu/schedule/terms/ASRM/510>)

Theoretical basis of financial mathematics and techniques. Topics include financial stochastic processes, Ito calculus, martingale pricing, hedging, simulations, interest rate models, etc. Prerequisite: [ASRM 402](<https://catalog.illinois.edu/search/?P=ASRM%20402>) or [MATH 464](<https://catalog.illinois.edu/search/?P=MATH%20464>).",https://catalog.illinois.edu/courses-of-instruction/asrm/,2026–2027
ASRM 533,ASRM,533,Risk Management Practices and Regulation,4 Hours,"Offers a comprehensive coverage of different aspects of risks and regulation of financial institutions. Topics include financial institutions and their trading, risk management frameworks, market risk, interest rate risk, liquidity risk, credit risk, operational risk, latest industry practices and regulation, including Basel and Solvency, fundamental review of trading books, scenario analysis and stress testing, etc. Approved for Letter and S/U grading. Prerequisite: ASRM 401 or MATH 461 or STAT 400.",Prerequisite: ASRM 401 or MATH 461 or STAT 400.,,,,,,"[ASRM 533 Risk Management Practices and Regulation credit: 4 Hours.](<https://courses.illinois.edu/schedule/terms/ASRM/533>)

Offers a comprehensive coverage of different aspects of risks and regulation of financial institutions. Topics include financial institutions and their trading, risk management frameworks, market risk, interest rate risk, liquidity risk, credit risk, operational risk, latest industry practices and regulation, including Basel and Solvency, fundamental review of trading books, scenario analysis and stress testing, etc. Approved for Letter and S/U grading. Prerequisite: [ASRM 401](<https://catalog.illinois.edu/search/?P=ASRM%20401>) or [MATH 461](<https://catalog.illinois.edu/search/?P=MATH%20461>) or [STAT 400](<https://catalog.illinois.edu/search/?P=STAT%20400>).",https://catalog.illinois.edu/courses-of-instruction/asrm/,2026–2027
ASRM 539,ASRM,539,Risk Analytics and Decision Making,2 Hours,"The course will give students the opportunity to practice their existing data analytics skills to solve diverse real-world cases. Students will also deepen their ability to select the appropriate method to solve each problem, clearly and concisely present results, and clearly articulate the strengths and limitations of their analyses. Prerequisite: Basic knowledge of probability and statistics.",Prerequisite: Basic knowledge of probability and statistics.,,,,,,"[ASRM 539 Risk Analytics and Decision Making credit: 2 Hours.](<https://courses.illinois.edu/schedule/terms/ASRM/539>)

The course will give students the opportunity to practice their existing data analytics skills to solve diverse real-world cases. Students will also deepen their ability to select the appropriate method to solve each problem, clearly and concisely present results, and clearly articulate the strengths and limitations of their analyses. Prerequisite: Basic knowledge of probability and statistics.",https://catalog.illinois.edu/courses-of-instruction/asrm/,2026–2027
ASRM 555,ASRM,555,Advanced Predictive Analytics,4 Hours,"Emphasizes applications of advanced predictive analytics to actuarial science, finance and economics. Builds on the existing analytics topics, which are Statistics for Risk Modeling (SRM) and Predictive Analytics (PA). It will introduce advanced statistical learning methods and algorithms that can be employed to discover useful information from real-life datasets, to explain how to build a predictive model based on business problem, and to communicate the results in a scientific report. Prerequisite: ASRM 455.",Prerequisite: ASRM 455.,,,,,,"[ASRM 555 Advanced Predictive Analytics credit: 4 Hours.](<https://courses.illinois.edu/schedule/terms/ASRM/555>)

Emphasizes applications of advanced predictive analytics to actuarial science, finance and economics. Builds on the existing analytics topics, which are Statistics for Risk Modeling (SRM) and Predictive Analytics (PA). It will introduce advanced statistical learning methods and algorithms that can be employed to discover useful information from real-life datasets, to explain how to build a predictive model based on business problem, and to communicate the results in a scientific report. Prerequisite: [ASRM 455](<https://catalog.illinois.edu/search/?P=ASRM%20455>).",https://catalog.illinois.edu/courses-of-instruction/asrm/,2026–2027
ASRM 561,ASRM,561,Loss Data Analytics & Credibility,4 Hours,"Introduction to the actuarial modeling process: construction, selection and validation of empirical and parametric models. Survival, severity, frequency and aggregate loss models; statistical methods to estimate model parameters. Prerequisite: ASRM 401, MATH 461 or MATH 463.","Prerequisite: ASRM 401, MATH 461 or MATH 463.",,,,,,"[ASRM 561 Loss Data Analytics & Credibility credit: 4 Hours.](<https://courses.illinois.edu/schedule/terms/ASRM/561>)

Introduction to the actuarial modeling process: construction, selection and validation of empirical and parametric models. Survival, severity, frequency and aggregate loss models; statistical methods to estimate model parameters. Prerequisite: [ASRM 401](<https://catalog.illinois.edu/search/?P=ASRM%20401>), [MATH 461](<https://catalog.illinois.edu/search/?P=MATH%20461>) or [MATH 463](<https://catalog.illinois.edu/search/?P=MATH%20463>).",https://catalog.illinois.edu/courses-of-instruction/asrm/,2026–2027
ASRM 563,ASRM,563,Risk Modeling and Analysis,4 Hours,"Quantitative tools for measuring risks and modeling dependencies. Topics include risk measures, stochastic orders, copulas, dependence measures, and their statistical inferences. Prerequisite: ASRM 401 or MATH 461.",Prerequisite: ASRM 401 or MATH 461.,,,,,,"[ASRM 563 Risk Modeling and Analysis credit: 4 Hours.](<https://courses.illinois.edu/schedule/terms/ASRM/563>)

Quantitative tools for measuring risks and modeling dependencies. Topics include risk measures, stochastic orders, copulas, dependence measures, and their statistical inferences. Prerequisite: [ASRM 401](<https://catalog.illinois.edu/search/?P=ASRM%20401>) or [MATH 461](<https://catalog.illinois.edu/search/?P=MATH%20461>).",https://catalog.illinois.edu/courses-of-instruction/asrm/,2026–2027
ASRM 569,ASRM,569,Extreme Value Theory and Catastrophe Modeling,4 Hours,Principles and fundamental techniques of ratemaking for casualty and property insurances; risk classification; coinsurance; estimation of claim liabilities; financial reporting; catastrophe modeling. Credit is not given toward graduation for: Credit is not given for ASRM 469 and ASRM 569. Prerequisite: ASRM 401.,Prerequisite: ASRM 401.,Credit is not given toward graduation for: Credit is not given for ASRM 469 and ASRM 569.,,,,,"[ASRM 569 Extreme Value Theory and Catastrophe Modeling credit: 4 Hours.](<https://courses.illinois.edu/schedule/terms/ASRM/569>)

Principles and fundamental techniques of ratemaking for casualty and property insurances; risk classification; coinsurance; estimation of claim liabilities; financial reporting; catastrophe modeling. Credit is not given toward graduation for: Credit is not given for [ASRM 469](<https://catalog.illinois.edu/search/?P=ASRM%20469>) and [ASRM 569](<https://catalog.illinois.edu/search/?P=ASRM%20569>). Prerequisite: [ASRM 401](<https://catalog.illinois.edu/search/?P=ASRM%20401>).",https://catalog.illinois.edu/courses-of-instruction/asrm/,2026–2027
ASRM 575,ASRM,575,Life Insurance and Pension Mathematics,4 Hours,"Tabular and parametric survival models with single or multiple-life states; life insurance and annuity premium calculations; reserving, and profit measures; introduction to universal life insurances, participating insurances, pension plans and retirement benefits. Credit is not given toward graduation for: Credit is not given for ASRM 472 and ASRM 575. Prerequisite: ASRM 471.",Prerequisite: ASRM 471.,Credit is not given toward graduation for: Credit is not given for ASRM 472 and ASRM 575.,,,,,"[ASRM 575 Life Insurance and Pension Mathematics credit: 4 Hours.](<https://courses.illinois.edu/schedule/terms/ASRM/575>)

Tabular and parametric survival models with single or multiple-life states; life insurance and annuity premium calculations; reserving, and profit measures; introduction to universal life insurances, participating insurances, pension plans and retirement benefits. Credit is not given toward graduation for: Credit is not given for [ASRM 472](<https://catalog.illinois.edu/search/?P=ASRM%20472>) and [ASRM 575](<https://catalog.illinois.edu/search/?P=ASRM%20575>). Prerequisite: [ASRM 471](<https://catalog.illinois.edu/search/?P=ASRM%20471>).",https://catalog.illinois.edu/courses-of-instruction/asrm/,2026–2027
ASRM 593,ASRM,593,Graduate Internship,0 Hours,"Full-time or part-time practice of graduate-level actuarial science, risk management or advanced analytics in an off-campus government, industrial, or research laboratory environment. Summary report required. Approved for S/U grading only. May be repeated in separate terms. Prerequisite: After obtaining an internship, Actuarial Science or Risk Management graduate students must request entry from the Director of the Actuarial Science Program. Departmental approval required.","Prerequisite: After obtaining an internship, Actuarial Science or Risk Management graduate students must request entry from the Director of the Actuarial Science Program.",,,,,,"[ASRM 593 Graduate Internship credit: 0 Hours.](<https://courses.illinois.edu/schedule/terms/ASRM/593>)

Full-time or part-time practice of graduate-level actuarial science, risk management or advanced analytics in an off-campus government, industrial, or research laboratory environment. Summary report required. Approved for S/U grading only. May be repeated in separate terms. Prerequisite: After obtaining an internship, Actuarial Science or Risk Management graduate students must request entry from the Director of the Actuarial Science Program. Departmental approval required.",https://catalog.illinois.edu/courses-of-instruction/asrm/,2026–2027
ASRM 595,ASRM,595,Advanced Topics in Actuarial Science and Risk Analytics,1 to 4 Hours,Covers special topics in actuarial science and risk analytics. May be repeated if topics vary. Prerequisite: Consent of instructor.,Prerequisite: Consent of instructor.,,,,,,"[ASRM 595 Advanced Topics in Actuarial Science and Risk Analytics credit: 1 to 4 Hours.](<https://courses.illinois.edu/schedule/terms/ASRM/595>)

Covers special topics in actuarial science and risk analytics. May be repeated if topics vary. Prerequisite: Consent of instructor.",https://catalog.illinois.edu/courses-of-instruction/asrm/,2026–2027
ASRM 597,ASRM,597,Reading Course,1 to 8 Hours,Independent study in actuarial science and risk analytics. Approved for Letter and S/U grading. May be repeated. Prerequisite: Consent of instructor.,Prerequisite: Consent of instructor.,,,,,,"[ASRM 597 Reading Course credit: 1 to 8 Hours.](<https://courses.illinois.edu/schedule/terms/ASRM/597>)

Independent study in actuarial science and risk analytics. Approved for Letter and S/U grading. May be repeated. Prerequisite: Consent of instructor.",https://catalog.illinois.edu/courses-of-instruction/asrm/,2026–2027
ASRM 598,ASRM,598,Literature Seminar,0 to 4 Hours,Students present seminars and discussions on advanced topics in areas of actuarial and financial mathematics and advanced analytics. Approved for Letter and S/U grading. May be repeated in separate terms or up to 8 hours in the same term if topics vary. Prerequisite: Consent of instructor.,Prerequisite: Consent of instructor.,,,,,,"[ASRM 598 Literature Seminar credit: 0 to 4 Hours.](<https://courses.illinois.edu/schedule/terms/ASRM/598>)

Students present seminars and discussions on advanced topics in areas of actuarial and financial mathematics and advanced analytics. Approved for Letter and S/U grading. May be repeated in separate terms or up to 8 hours in the same term if topics vary. Prerequisite: Consent of instructor.",https://catalog.illinois.edu/courses-of-instruction/asrm/,2026–2027
ASRM 599,ASRM,599,Thesis Research,0 to 16 Hours,Research topics in actuarial science and risk analytics. Approved for S/U grading only. May be repeated in the same term or in separate terms. Prerequisite: Consent of Instructor.,Prerequisite: Consent of Instructor.,,,,,,"[ASRM 599 Thesis Research credit: 0 to 16 Hours.](<https://courses.illinois.edu/schedule/terms/ASRM/599>)

Research topics in actuarial science and risk analytics. Approved for S/U grading only. May be repeated in the same term or in separate terms. Prerequisite: Consent of Instructor.",https://catalog.illinois.edu/courses-of-instruction/asrm/,2026–2027
